image,sports
./test/0.jpg,football
./test/1.jpg,tennis
./test/2.jpg,ice_hockey
./test/3.jpg,baseball
./test/4.jpg,fencing
./test/5.jpg,wwe
./test/6.jpg,hockey
./test/7.jpg,volleyball
./test/8.jpg,motogp
./test/9.jpg,motogp
./test/10.jpg,football
./test/11.jpg,swimming
./test/12.jpg,cricket
./test/13.jpg,wrestling
./test/14.jpg,cricket
./test/15.jpg,wwe
./test/16.jpg,motogp
./test/17.jpg,swimming
./test/18.jpg,chess
./test/19.jpg,cricket
./test/20.jpg,football
./test/21.jpg,ice_hockey
./test/22.jpg,baseball
./test/23.jpg,table_tennis
./test/24.jpg,motogp
./test/25.jpg,volleyball
./test/26.jpg,volleyball
./test/27.jpg,boxing
./test/28.jpg,volleyball
./test/29.jpg,wwe
./test/30.jpg,formula1
./test/31.jpg,shooting
./test/32.jpg,motogp
./test/33.jpg,hockey
./test/34.jpg,tennis
./test/35.jpg,volleyball
./test/36.jpg,football
./test/37.jpg,wrestling
./test/38.jpg,kabaddi
./test/39.jpg,baseball
./test/40.jpg,gymnastics
./test/41.jpg,volleyball
./test/42.jpg,chess
./test/43.jpg,motogp
./test/44.jpg,boxing
./test/45.jpg,gymnastics
./test/46.jpg,tennis
./test/47.jpg,volleyball
./test/48.jpg,kabaddi
./test/49.jpg,cricket
./test/50.jpg,volleyball
./test/51.jpg,tennis
./test/52.jpg,table_tennis
./test/53.jpg,swimming
./test/54.jpg,fencing
./test/55.jpg,football
./test/56.jpg,football
./test/57.jpg,weight_lifting
./test/58.jpg,boxing
./test/59.jpg,fencing
./test/60.jpg,hockey
./test/61.jpg,boxing
./test/62.jpg,swimming
./test/63.jpg,football
./test/64.jpg,volleyball
./test/65.jpg,football
./test/66.jpg,wwe
./test/67.jpg,football
./test/68.jpg,motogp
./test/69.jpg,volleyball
./test/70.jpg,wrestling
./test/71.jpg,badminton
./test/72.jpg,basketball
./test/73.jpg,tennis
./test/74.jpg,swimming
./test/75.jpg,ice_hockey
./test/76.jpg,kabaddi
./test/77.jpg,table_tennis
./test/78.jpg,formula1
./test/79.jpg,badminton
./test/80.jpg,weight_lifting
./test/81.jpg,gymnastics
./test/82.jpg,swimming
./test/83.jpg,formula1
./test/84.jpg,football
./test/85.jpg,boxing
./test/86.jpg,basketball
./test/87.jpg,chess
./test/88.jpg,swimming
./test/89.jpg,table_tennis
./test/90.jpg,swimming
./test/91.jpg,baseball
./test/92.jpg,swimming
./test/93.jpg,volleyball
./test/94.jpg,gymnastics
./test/95.jpg,swimming
./test/96.jpg,volleyball
./test/97.jpg,baseball
./test/98.jpg,volleyball
./test/99.jpg,tennis
./test/100.jpg,formula1
./test/101.jpg,table_tennis
./test/102.jpg,table_tennis
./test/103.jpg,cricket
./test/104.jpg,wrestling
./test/105.jpg,tennis
./test/106.jpg,kabaddi
./test/107.jpg,ice_hockey
./test/108.jpg,weight_lifting
./test/109.jpg,wwe
./test/110.jpg,cricket
./test/111.jpg,swimming
./test/112.jpg,swimming
./test/113.jpg,volleyball
./test/114.jpg,tennis
./test/115.jpg,chess
./test/116.jpg,swimming
./test/117.jpg,wrestling
./test/118.jpg,tennis
./test/119.jpg,ice_hockey
./test/120.jpg,baseball
./test/121.jpg,boxing
./test/122.jpg,fencing
./test/123.jpg,cricket
./test/124.jpg,chess
./test/125.jpg,basketball
./test/126.jpg,wwe
./test/127.jpg,football
./test/128.jpg,kabaddi
./test/129.jpg,chess
./test/130.jpg,fencing
./test/131.jpg,wwe
./test/132.jpg,fencing
./test/133.jpg,tennis
./test/134.jpg,kabaddi
./test/135.jpg,swimming
./test/136.jpg,badminton
./test/137.jpg,boxing
./test/138.jpg,tennis
./test/139.jpg,swimming
./test/140.jpg,wwe
./test/141.jpg,football
./test/142.jpg,cricket
./test/143.jpg,wwe
./test/144.jpg,ice_hockey
./test/145.jpg,wwe
./test/146.jpg,table_tennis
./test/147.jpg,tennis
./test/148.jpg,gymnastics
./test/149.jpg,kabaddi
./test/150.jpg,formula1
./test/151.jpg,badminton
./test/152.jpg,tennis
./test/153.jpg,hockey
./test/154.jpg,motogp
./test/155.jpg,tennis
./test/156.jpg,gymnastics
./test/157.jpg,gymnastics
./test/158.jpg,badminton
./test/159.jpg,volleyball
./test/160.jpg,gymnastics
./test/161.jpg,boxing
./test/162.jpg,football
./test/163.jpg,motogp
./test/164.jpg,boxing
./test/165.jpg,fencing
./test/166.jpg,motogp
./test/167.jpg,chess
./test/168.jpg,kabaddi
./test/169.jpg,football
./test/170.jpg,wrestling
./test/171.jpg,ice_hockey
./test/172.jpg,hockey
./test/173.jpg,swimming
./test/174.jpg,swimming
./test/175.jpg,chess
./test/176.jpg,shooting
./test/177.jpg,badminton
./test/178.jpg,weight_lifting
./test/179.jpg,tennis
./test/180.jpg,tennis
./test/181.jpg,gymnastics
./test/182.jpg,swimming
./test/183.jpg,gymnastics
./test/184.jpg,gymnastics
./test/185.jpg,football
./test/186.jpg,football
./test/187.jpg,wwe
./test/188.jpg,ice_hockey
./test/189.jpg,tennis
./test/190.jpg,football
./test/191.jpg,wrestling
./test/192.jpg,volleyball
./test/193.jpg,volleyball
./test/194.jpg,weight_lifting
./test/195.jpg,wrestling
./test/196.jpg,swimming
./test/197.jpg,gymnastics
./test/198.jpg,wrestling
./test/199.jpg,football
./test/200.jpg,boxing
./test/201.jpg,boxing
./test/202.jpg,ice_hockey
./test/203.jpg,gymnastics
./test/204.jpg,wrestling
./test/205.jpg,weight_lifting
./test/206.jpg,baseball
./test/207.jpg,badminton
./test/208.jpg,weight_lifting
./test/209.jpg,badminton
./test/210.jpg,hockey
./test/211.jpg,boxing
./test/212.jpg,kabaddi
./test/213.jpg,wwe
./test/214.jpg,weight_lifting
./test/215.jpg,ice_hockey
./test/216.jpg,wrestling
./test/217.jpg,wwe
./test/218.jpg,tennis
./test/219.jpg,gymnastics
./test/220.jpg,wrestling
./test/221.jpg,table_tennis
./test/222.jpg,hockey
./test/223.jpg,gymnastics
./test/224.jpg,table_tennis
./test/225.jpg,gymnastics
./test/226.jpg,football
./test/227.jpg,volleyball
./test/228.jpg,table_tennis
./test/229.jpg,swimming
./test/230.jpg,table_tennis
./test/231.jpg,motogp
./test/232.jpg,hockey
./test/233.jpg,badminton
./test/234.jpg,football
./test/235.jpg,cricket
./test/236.jpg,wwe
./test/237.jpg,tennis
./test/238.jpg,motogp
./test/239.jpg,weight_lifting
./test/240.jpg,gymnastics
./test/241.jpg,table_tennis
./test/242.jpg,gymnastics
./test/243.jpg,wwe
./test/244.jpg,gymnastics
./test/245.jpg,badminton
./test/246.jpg,football
./test/247.jpg,fencing
./test/248.jpg,motogp
./test/249.jpg,basketball
./test/250.jpg,table_tennis
./test/251.jpg,wrestling
./test/252.jpg,swimming
./test/253.jpg,boxing
./test/254.jpg,ice_hockey
./test/255.jpg,motogp
./test/256.jpg,chess
./test/257.jpg,shooting
./test/258.jpg,volleyball
./test/259.jpg,cricket
./test/260.jpg,baseball
./test/261.jpg,ice_hockey
./test/262.jpg,tennis
./test/263.jpg,badminton
./test/264.jpg,basketball
./test/265.jpg,wrestling
./test/266.jpg,boxing
./test/267.jpg,badminton
./test/268.jpg,table_tennis
./test/269.jpg,formula1
./test/270.jpg,boxing
./test/271.jpg,fencing
./test/272.jpg,gymnastics
./test/273.jpg,boxing
./test/274.jpg,cricket
./test/275.jpg,shooting
./test/276.jpg,hockey
./test/277.jpg,weight_lifting
./test/278.jpg,shooting
./test/279.jpg,gymnastics
./test/280.jpg,badminton
./test/281.jpg,gymnastics
./test/282.jpg,boxing
./test/283.jpg,formula1
./test/284.jpg,gymnastics
./test/285.jpg,football
./test/286.jpg,ice_hockey
./test/287.jpg,boxing
./test/288.jpg,football
./test/289.jpg,hockey
./test/290.jpg,baseball
./test/291.jpg,wrestling
./test/292.jpg,ice_hockey
./test/293.jpg,wwe
./test/294.jpg,baseball
./test/295.jpg,badminton
./test/296.jpg,football
./test/297.jpg,wwe
./test/298.jpg,football
./test/299.jpg,table_tennis
./test/300.jpg,motogp
./test/301.jpg,motogp
./test/302.jpg,cricket
./test/303.jpg,formula1
./test/304.jpg,football
./test/305.jpg,wrestling
./test/306.jpg,formula1
./test/307.jpg,gymnastics
./test/308.jpg,motogp
./test/309.jpg,boxing
./test/310.jpg,badminton
./test/311.jpg,wwe
./test/312.jpg,chess
./test/313.jpg,fencing
./test/314.jpg,wwe
./test/315.jpg,volleyball
./test/316.jpg,swimming
./test/317.jpg,wwe
./test/318.jpg,football
./test/319.jpg,hockey
./test/320.jpg,table_tennis
./test/321.jpg,badminton
./test/322.jpg,badminton
./test/323.jpg,badminton
./test/324.jpg,swimming
./test/325.jpg,tennis
./test/326.jpg,badminton
./test/327.jpg,volleyball
./test/328.jpg,ice_hockey
./test/329.jpg,cricket
./test/330.jpg,boxing
./test/331.jpg,hockey
./test/332.jpg,cricket
./test/333.jpg,motogp
./test/334.jpg,wwe
./test/335.jpg,chess
./test/336.jpg,wrestling
./test/337.jpg,swimming
./test/338.jpg,motogp
./test/339.jpg,motogp
./test/340.jpg,formula1
./test/341.jpg,wrestling
./test/342.jpg,cricket
./test/343.jpg,motogp
./test/344.jpg,hockey
./test/345.jpg,wrestling
./test/346.jpg,tennis
./test/347.jpg,wwe
./test/348.jpg,gymnastics
./test/349.jpg,ice_hockey
./test/350.jpg,fencing
./test/351.jpg,swimming
./test/352.jpg,ice_hockey
./test/353.jpg,wrestling
./test/354.jpg,fencing
./test/355.jpg,motogp
./test/356.jpg,ice_hockey
./test/357.jpg,wwe
./test/358.jpg,volleyball
./test/359.jpg,hockey
./test/360.jpg,baseball
./test/361.jpg,wrestling
./test/362.jpg,table_tennis
./test/363.jpg,wrestling
./test/364.jpg,swimming
./test/365.jpg,ice_hockey
./test/366.jpg,hockey
./test/367.jpg,gymnastics
./test/368.jpg,formula1
./test/369.jpg,wrestling
./test/370.jpg,cricket
./test/371.jpg,tennis
./test/372.jpg,gymnastics
./test/373.jpg,baseball
./test/374.jpg,wwe
./test/375.jpg,table_tennis
./test/376.jpg,badminton
./test/377.jpg,shooting
./test/378.jpg,cricket
./test/379.jpg,tennis
./test/380.jpg,boxing
./test/381.jpg,football
./test/382.jpg,wwe
./test/383.jpg,swimming
./test/384.jpg,football
./test/385.jpg,fencing
./test/386.jpg,wwe
./test/387.jpg,football
./test/388.jpg,fencing
./test/389.jpg,basketball
./test/390.jpg,chess
./test/391.jpg,weight_lifting
./test/392.jpg,formula1
./test/393.jpg,swimming
./test/394.jpg,kabaddi
./test/395.jpg,hockey
./test/396.jpg,chess
./test/397.jpg,volleyball
./test/398.jpg,tennis
./test/399.jpg,kabaddi
./test/400.jpg,basketball
./test/401.jpg,wrestling
./test/402.jpg,football
./test/403.jpg,gymnastics
./test/404.jpg,shooting
./test/405.jpg,boxing
./test/406.jpg,wrestling
./test/407.jpg,boxing
./test/408.jpg,wrestling
./test/409.jpg,cricket
./test/410.jpg,cricket
./test/411.jpg,shooting
./test/412.jpg,motogp
./test/413.jpg,tennis
./test/414.jpg,wrestling
./test/415.jpg,football
./test/416.jpg,tennis
./test/417.jpg,wwe
./test/418.jpg,volleyball
./test/419.jpg,swimming
./test/420.jpg,motogp
./test/421.jpg,fencing
./test/422.jpg,wwe
./test/423.jpg,baseball
./test/424.jpg,wrestling
./test/425.jpg,fencing
./test/426.jpg,boxing
./test/427.jpg,table_tennis
./test/428.jpg,swimming
./test/429.jpg,cricket
./test/430.jpg,fencing
./test/431.jpg,cricket
./test/432.jpg,tennis
./test/433.jpg,volleyball
./test/434.jpg,table_tennis
./test/435.jpg,hockey
./test/436.jpg,table_tennis
./test/437.jpg,wwe
./test/438.jpg,ice_hockey
./test/439.jpg,basketball
./test/440.jpg,tennis
./test/441.jpg,volleyball
./test/442.jpg,table_tennis
./test/443.jpg,chess
./test/444.jpg,badminton
./test/445.jpg,basketball
./test/446.jpg,badminton
./test/447.jpg,wwe
./test/448.jpg,tennis
./test/449.jpg,chess
./test/450.jpg,shooting
./test/451.jpg,gymnastics
./test/452.jpg,weight_lifting
./test/453.jpg,motogp
./test/454.jpg,tennis
./test/455.jpg,shooting
./test/456.jpg,ice_hockey
./test/457.jpg,cricket
./test/458.jpg,formula1
./test/459.jpg,wwe
./test/460.jpg,wrestling
./test/461.jpg,formula1
./test/462.jpg,badminton
./test/463.jpg,football
./test/464.jpg,wrestling
./test/465.jpg,formula1
./test/466.jpg,cricket
./test/467.jpg,boxing
./test/468.jpg,gymnastics
./test/469.jpg,baseball
./test/470.jpg,volleyball
./test/471.jpg,hockey
./test/472.jpg,wrestling
./test/473.jpg,table_tennis
./test/474.jpg,wwe
./test/475.jpg,formula1
./test/476.jpg,fencing
./test/477.jpg,football
./test/478.jpg,wwe
./test/479.jpg,volleyball
./test/480.jpg,ice_hockey
./test/481.jpg,tennis
./test/482.jpg,table_tennis
./test/483.jpg,tennis
./test/484.jpg,football
./test/485.jpg,table_tennis
./test/486.jpg,wwe
./test/487.jpg,baseball
./test/488.jpg,boxing
./test/489.jpg,shooting
./test/490.jpg,football
./test/491.jpg,weight_lifting
./test/492.jpg,chess
./test/493.jpg,fencing
./test/494.jpg,tennis
./test/495.jpg,wwe
./test/496.jpg,wwe
./test/497.jpg,football
./test/498.jpg,chess
./test/499.jpg,basketball
./test/500.jpg,volleyball
./test/501.jpg,ice_hockey
./test/502.jpg,gymnastics
./test/503.jpg,table_tennis
./test/504.jpg,wwe
./test/505.jpg,chess
./test/506.jpg,gymnastics
./test/507.jpg,badminton
./test/508.jpg,motogp
./test/509.jpg,wwe
./test/510.jpg,wrestling
./test/511.jpg,tennis
./test/512.jpg,motogp
./test/513.jpg,basketball
./test/514.jpg,boxing
./test/515.jpg,ice_hockey
./test/516.jpg,weight_lifting
./test/517.jpg,boxing
./test/518.jpg,table_tennis
./test/519.jpg,baseball
./test/520.jpg,fencing
./test/521.jpg,football
./test/522.jpg,cricket
./test/523.jpg,tennis
./test/524.jpg,formula1
./test/525.jpg,wwe
./test/526.jpg,tennis
./test/527.jpg,fencing
./test/528.jpg,badminton
./test/529.jpg,boxing
./test/530.jpg,wrestling
./test/531.jpg,formula1
./test/532.jpg,gymnastics
./test/533.jpg,gymnastics
./test/534.jpg,motogp
./test/535.jpg,wrestling
./test/536.jpg,kabaddi
./test/537.jpg,swimming
./test/538.jpg,wwe
./test/539.jpg,baseball
./test/540.jpg,wrestling
./test/541.jpg,weight_lifting
./test/542.jpg,hockey
./test/543.jpg,table_tennis
./test/544.jpg,tennis
./test/545.jpg,wrestling
./test/546.jpg,football
./test/547.jpg,table_tennis
./test/548.jpg,motogp
./test/549.jpg,swimming
./test/550.jpg,weight_lifting
./test/551.jpg,wwe
./test/552.jpg,boxing
./test/553.jpg,tennis
./test/554.jpg,fencing
./test/555.jpg,fencing
./test/556.jpg,swimming
./test/557.jpg,badminton
./test/558.jpg,hockey
./test/559.jpg,hockey
./test/560.jpg,basketball
./test/561.jpg,ice_hockey
./test/562.jpg,tennis
./test/563.jpg,wwe
./test/564.jpg,football
./test/565.jpg,tennis
./test/566.jpg,cricket
./test/567.jpg,ice_hockey
./test/568.jpg,ice_hockey
./test/569.jpg,boxing
./test/570.jpg,table_tennis
./test/571.jpg,cricket
./test/572.jpg,hockey
./test/573.jpg,wwe
./test/574.jpg,volleyball
./test/575.jpg,fencing
./test/576.jpg,volleyball
./test/577.jpg,fencing
./test/578.jpg,wwe
./test/579.jpg,weight_lifting
./test/580.jpg,cricket
./test/581.jpg,volleyball
./test/582.jpg,badminton
./test/583.jpg,formula1
./test/584.jpg,hockey
./test/585.jpg,volleyball
./test/586.jpg,wrestling
./test/587.jpg,football
./test/588.jpg,wwe
./test/589.jpg,fencing
./test/590.jpg,tennis
./test/591.jpg,wwe
./test/592.jpg,football
./test/593.jpg,table_tennis
./test/594.jpg,baseball
./test/595.jpg,wrestling
./test/596.jpg,tennis
./test/597.jpg,chess
./test/598.jpg,wwe
./test/599.jpg,swimming
./test/600.jpg,football
./test/601.jpg,baseball
./test/602.jpg,baseball
./test/603.jpg,wwe
./test/604.jpg,wwe
./test/605.jpg,wrestling
./test/606.jpg,gymnastics
./test/607.jpg,baseball
./test/608.jpg,baseball
./test/609.jpg,baseball
./test/610.jpg,swimming
./test/611.jpg,weight_lifting
./test/612.jpg,ice_hockey
./test/613.jpg,chess
./test/614.jpg,cricket
./test/615.jpg,wrestling
./test/616.jpg,shooting
./test/617.jpg,ice_hockey
./test/618.jpg,baseball
./test/619.jpg,gymnastics
./test/620.jpg,shooting
./test/621.jpg,tennis
./test/622.jpg,kabaddi
./test/623.jpg,badminton
./test/624.jpg,motogp
./test/625.jpg,football
./test/626.jpg,badminton
./test/627.jpg,motogp
./test/628.jpg,baseball
./test/629.jpg,wwe
./test/630.jpg,table_tennis
./test/631.jpg,motogp
./test/632.jpg,football
./test/633.jpg,football
./test/634.jpg,cricket
./test/635.jpg,ice_hockey
./test/636.jpg,weight_lifting
./test/637.jpg,wwe
./test/638.jpg,cricket
./test/639.jpg,swimming
./test/640.jpg,chess
./test/641.jpg,shooting
./test/642.jpg,football
./test/643.jpg,swimming
./test/644.jpg,hockey
./test/645.jpg,boxing
./test/646.jpg,football
./test/647.jpg,chess
./test/648.jpg,motogp
./test/649.jpg,boxing
./test/650.jpg,tennis
./test/651.jpg,table_tennis
./test/652.jpg,volleyball
./test/653.jpg,tennis
./test/654.jpg,formula1
./test/655.jpg,wrestling
./test/656.jpg,volleyball
./test/657.jpg,shooting
./test/658.jpg,football
./test/659.jpg,wrestling
./test/660.jpg,gymnastics
./test/661.jpg,swimming
./test/662.jpg,football
./test/663.jpg,motogp
./test/664.jpg,swimming
./test/665.jpg,chess
./test/666.jpg,wwe
./test/667.jpg,volleyball
./test/668.jpg,shooting
./test/669.jpg,kabaddi
./test/670.jpg,table_tennis
./test/671.jpg,tennis
./test/672.jpg,weight_lifting
./test/673.jpg,swimming
./test/674.jpg,gymnastics
./test/675.jpg,tennis
./test/676.jpg,baseball
./test/677.jpg,motogp
./test/678.jpg,basketball
./test/679.jpg,swimming
./test/680.jpg,swimming
./test/681.jpg,ice_hockey
./test/682.jpg,motogp
./test/683.jpg,football
./test/684.jpg,basketball
./test/685.jpg,football
./test/686.jpg,formula1
./test/687.jpg,volleyball
./test/688.jpg,boxing
./test/689.jpg,hockey
./test/690.jpg,baseball
./test/691.jpg,badminton
./test/692.jpg,hockey
./test/693.jpg,cricket
./test/694.jpg,badminton
./test/695.jpg,cricket
./test/696.jpg,baseball
./test/697.jpg,boxing
./test/698.jpg,volleyball
./test/699.jpg,tennis
./test/700.jpg,football
./test/701.jpg,gymnastics
./test/702.jpg,chess
./test/703.jpg,wwe
./test/704.jpg,volleyball
./test/705.jpg,formula1
./test/706.jpg,wwe
./test/707.jpg,formula1
./test/708.jpg,formula1
./test/709.jpg,volleyball
./test/710.jpg,formula1
./test/711.jpg,boxing
./test/712.jpg,hockey
./test/713.jpg,weight_lifting
./test/714.jpg,gymnastics
./test/715.jpg,ice_hockey
./test/716.jpg,swimming
./test/717.jpg,kabaddi
./test/718.jpg,swimming
./test/719.jpg,swimming
./test/720.jpg,badminton
./test/721.jpg,volleyball
./test/722.jpg,baseball
./test/723.jpg,shooting
./test/724.jpg,volleyball
./test/725.jpg,wwe
./test/726.jpg,weight_lifting
./test/727.jpg,wrestling
./test/728.jpg,wwe
./test/729.jpg,wrestling
./test/730.jpg,fencing
./test/731.jpg,volleyball
./test/732.jpg,wwe
./test/733.jpg,badminton
./test/734.jpg,weight_lifting
./test/735.jpg,basketball
./test/736.jpg,badminton
./test/737.jpg,ice_hockey
./test/738.jpg,badminton
./test/739.jpg,baseball
./test/740.jpg,swimming
./test/741.jpg,wwe
./test/742.jpg,weight_lifting
./test/743.jpg,swimming
./test/744.jpg,table_tennis
./test/745.jpg,formula1
./test/746.jpg,weight_lifting
./test/747.jpg,swimming
./test/748.jpg,kabaddi
./test/749.jpg,baseball
./test/750.jpg,motogp
./test/751.jpg,weight_lifting
./test/752.jpg,boxing
./test/753.jpg,wwe
./test/754.jpg,volleyball
./test/755.jpg,boxing
./test/756.jpg,wwe
./test/757.jpg,tennis
./test/758.jpg,wwe
./test/759.jpg,wrestling
./test/760.jpg,fencing
./test/761.jpg,motogp
./test/762.jpg,tennis
./test/763.jpg,hockey
./test/764.jpg,wwe
./test/765.jpg,cricket
./test/766.jpg,motogp
./test/767.jpg,shooting
./test/768.jpg,cricket
./test/769.jpg,cricket
./test/770.jpg,kabaddi
./test/771.jpg,wrestling
./test/772.jpg,wwe
./test/773.jpg,baseball
./test/774.jpg,cricket
./test/775.jpg,cricket
./test/776.jpg,baseball
./test/777.jpg,kabaddi
./test/778.jpg,baseball
./test/779.jpg,motogp
./test/780.jpg,wrestling
./test/781.jpg,table_tennis
./test/782.jpg,wwe
./test/783.jpg,table_tennis
./test/784.jpg,tennis
./test/785.jpg,table_tennis
./test/786.jpg,swimming
./test/787.jpg,wwe
./test/788.jpg,badminton
./test/789.jpg,baseball
./test/790.jpg,tennis
./test/791.jpg,wrestling
./test/792.jpg,football
./test/793.jpg,weight_lifting
./test/794.jpg,formula1
./test/795.jpg,wrestling
./test/796.jpg,volleyball
./test/797.jpg,table_tennis
./test/798.jpg,football
./test/799.jpg,wwe
./test/800.jpg,volleyball
./test/801.jpg,football
./test/802.jpg,chess
./test/803.jpg,tennis
./test/804.jpg,tennis
./test/805.jpg,badminton
./test/806.jpg,wwe
./test/807.jpg,tennis
./test/808.jpg,cricket
./test/809.jpg,kabaddi
./test/810.jpg,wwe
./test/811.jpg,swimming
./test/812.jpg,motogp
./test/813.jpg,gymnastics
./test/814.jpg,motogp
./test/815.jpg,motogp
./test/816.jpg,gymnastics
./test/817.jpg,swimming
./test/818.jpg,table_tennis
./test/819.jpg,volleyball
./test/820.jpg,chess
./test/821.jpg,swimming
./test/822.jpg,swimming
./test/823.jpg,hockey
./test/824.jpg,shooting
./test/825.jpg,formula1
./test/826.jpg,swimming
./test/827.jpg,ice_hockey
./test/828.jpg,gymnastics
./test/829.jpg,gymnastics
./test/830.jpg,cricket
./test/831.jpg,tennis
./test/832.jpg,kabaddi
./test/833.jpg,ice_hockey
./test/834.jpg,football
./test/835.jpg,basketball
./test/836.jpg,swimming
./test/837.jpg,tennis
./test/838.jpg,table_tennis
./test/839.jpg,baseball
./test/840.jpg,wwe
./test/841.jpg,tennis
./test/842.jpg,wrestling
./test/843.jpg,badminton
./test/844.jpg,gymnastics
./test/845.jpg,tennis
./test/846.jpg,ice_hockey
./test/847.jpg,kabaddi
./test/848.jpg,wrestling
./test/849.jpg,gymnastics
./test/850.jpg,tennis
./test/851.jpg,hockey
./test/852.jpg,wwe
./test/853.jpg,table_tennis
./test/854.jpg,tennis
./test/855.jpg,gymnastics
./test/856.jpg,fencing
./test/857.jpg,football
./test/858.jpg,wwe
./test/859.jpg,badminton
./test/860.jpg,gymnastics
./test/861.jpg,swimming
./test/862.jpg,shooting
./test/863.jpg,tennis
./test/864.jpg,volleyball
./test/865.jpg,football
./test/866.jpg,ice_hockey
./test/867.jpg,wwe
./test/868.jpg,wwe
./test/869.jpg,football
./test/870.jpg,ice_hockey
./test/871.jpg,baseball
./test/872.jpg,wwe
./test/873.jpg,hockey
./test/874.jpg,volleyball
./test/875.jpg,boxing
./test/876.jpg,fencing
./test/877.jpg,swimming
./test/878.jpg,weight_lifting
./test/879.jpg,ice_hockey
./test/880.jpg,football
./test/881.jpg,basketball
./test/882.jpg,fencing
./test/883.jpg,cricket
./test/884.jpg,shooting
./test/885.jpg,fencing
./test/886.jpg,football
./test/887.jpg,swimming
./test/888.jpg,badminton
./test/889.jpg,chess
./test/890.jpg,hockey
./test/891.jpg,fencing
./test/892.jpg,kabaddi
./test/893.jpg,table_tennis
./test/894.jpg,motogp
./test/895.jpg,cricket
./test/896.jpg,wwe
./test/897.jpg,volleyball
./test/898.jpg,wrestling
./test/899.jpg,gymnastics
./test/900.jpg,football
./test/901.jpg,hockey
./test/902.jpg,football
./test/903.jpg,football
./test/904.jpg,gymnastics
./test/905.jpg,baseball
./test/906.jpg,wwe
./test/907.jpg,hockey
./test/908.jpg,volleyball
./test/909.jpg,football
./test/910.jpg,badminton
./test/911.jpg,gymnastics
./test/912.jpg,motogp
./test/913.jpg,tennis
./test/914.jpg,boxing
./test/915.jpg,gymnastics
./test/916.jpg,shooting
./test/917.jpg,tennis
./test/918.jpg,gymnastics
./test/919.jpg,formula1
./test/920.jpg,wrestling
./test/921.jpg,football
./test/922.jpg,football
./test/923.jpg,cricket
./test/924.jpg,ice_hockey
./test/925.jpg,volleyball
./test/926.jpg,table_tennis
./test/927.jpg,table_tennis
./test/928.jpg,chess
./test/929.jpg,ice_hockey
./test/930.jpg,shooting
./test/931.jpg,volleyball
./test/932.jpg,fencing
./test/933.jpg,football
./test/934.jpg,table_tennis
./test/935.jpg,volleyball
./test/936.jpg,badminton
./test/937.jpg,kabaddi
./test/938.jpg,baseball
./test/939.jpg,motogp
./test/940.jpg,swimming
./test/941.jpg,badminton
./test/942.jpg,fencing
./test/943.jpg,shooting
./test/944.jpg,kabaddi
./test/945.jpg,swimming
./test/946.jpg,ice_hockey
./test/947.jpg,tennis
./test/948.jpg,gymnastics
./test/949.jpg,motogp
./test/950.jpg,badminton
./test/951.jpg,baseball
./test/952.jpg,cricket
./test/953.jpg,gymnastics
./test/954.jpg,tennis
./test/955.jpg,ice_hockey
./test/956.jpg,gymnastics
./test/957.jpg,boxing
./test/958.jpg,gymnastics
./test/959.jpg,kabaddi
./test/960.jpg,badminton
./test/961.jpg,wrestling
./test/962.jpg,table_tennis
./test/963.jpg,wwe
./test/964.jpg,tennis
./test/965.jpg,baseball
./test/966.jpg,ice_hockey
./test/967.jpg,swimming
./test/968.jpg,wrestling
./test/969.jpg,motogp
./test/970.jpg,wrestling
./test/971.jpg,badminton
./test/972.jpg,basketball
./test/973.jpg,wwe
./test/974.jpg,chess
./test/975.jpg,wrestling
./test/976.jpg,kabaddi
./test/977.jpg,fencing
./test/978.jpg,chess
./test/979.jpg,football
./test/980.jpg,badminton
./test/981.jpg,swimming
./test/982.jpg,weight_lifting
./test/983.jpg,kabaddi
./test/984.jpg,football
./test/985.jpg,motogp
./test/986.jpg,weight_lifting
./test/987.jpg,football
./test/988.jpg,tennis
./test/989.jpg,formula1
./test/990.jpg,weight_lifting
./test/991.jpg,baseball
./test/992.jpg,table_tennis
./test/993.jpg,football
./test/994.jpg,football
./test/995.jpg,basketball
./test/996.jpg,badminton
./test/997.jpg,tennis
./test/998.jpg,tennis
./test/999.jpg,shooting
./test/1000.jpg,table_tennis
./test/1001.jpg,gymnastics
./test/1002.jpg,wrestling
./test/1003.jpg,boxing
./test/1004.jpg,volleyball
./test/1005.jpg,fencing
./test/1006.jpg,formula1
./test/1007.jpg,swimming
./test/1008.jpg,baseball
./test/1009.jpg,chess
./test/1010.jpg,formula1
./test/1011.jpg,swimming
./test/1012.jpg,cricket
./test/1013.jpg,wwe
./test/1014.jpg,football
./test/1015.jpg,wrestling
./test/1016.jpg,tennis
./test/1017.jpg,tennis
./test/1018.jpg,wwe
./test/1019.jpg,football
./test/1020.jpg,basketball
./test/1021.jpg,volleyball
./test/1022.jpg,hockey
./test/1023.jpg,kabaddi
./test/1024.jpg,shooting
./test/1025.jpg,basketball
./test/1026.jpg,gymnastics
./test/1027.jpg,gymnastics
./test/1028.jpg,hockey
./test/1029.jpg,basketball
./test/1030.jpg,gymnastics
./test/1031.jpg,swimming
./test/1032.jpg,weight_lifting
./test/1033.jpg,formula1
./test/1034.jpg,badminton
./test/1035.jpg,wrestling
./test/1036.jpg,table_tennis
./test/1037.jpg,wwe
./test/1038.jpg,swimming
./test/1039.jpg,formula1
./test/1040.jpg,kabaddi
./test/1041.jpg,football
./test/1042.jpg,formula1
./test/1043.jpg,wrestling
./test/1044.jpg,wwe
./test/1045.jpg,ice_hockey
./test/1046.jpg,volleyball
./test/1047.jpg,fencing
./test/1048.jpg,gymnastics
./test/1049.jpg,weight_lifting
./test/1050.jpg,baseball
./test/1051.jpg,volleyball
./test/1052.jpg,motogp
./test/1053.jpg,badminton
./test/1054.jpg,fencing
./test/1055.jpg,gymnastics
./test/1056.jpg,wwe
./test/1057.jpg,wwe
./test/1058.jpg,tennis
./test/1059.jpg,gymnastics
./test/1060.jpg,hockey
./test/1061.jpg,football
./test/1062.jpg,ice_hockey
./test/1063.jpg,ice_hockey
./test/1064.jpg,swimming
./test/1065.jpg,kabaddi
./test/1066.jpg,gymnastics
./test/1067.jpg,tennis
./test/1068.jpg,wrestling
./test/1069.jpg,motogp
./test/1070.jpg,wwe
./test/1071.jpg,volleyball
./test/1072.jpg,volleyball
./test/1073.jpg,hockey
./test/1074.jpg,ice_hockey
./test/1075.jpg,volleyball
./test/1076.jpg,boxing
./test/1077.jpg,baseball
./test/1078.jpg,ice_hockey
./test/1079.jpg,wwe
./test/1080.jpg,boxing
./test/1081.jpg,chess
./test/1082.jpg,hockey
./test/1083.jpg,motogp
./test/1084.jpg,badminton
./test/1085.jpg,tennis
./test/1086.jpg,badminton
./test/1087.jpg,weight_lifting
./test/1088.jpg,table_tennis
./test/1089.jpg,wwe
./test/1090.jpg,football
./test/1091.jpg,volleyball
./test/1092.jpg,fencing
./test/1093.jpg,chess
./test/1094.jpg,hockey
./test/1095.jpg,badminton
./test/1096.jpg,badminton
./test/1097.jpg,weight_lifting
./test/1098.jpg,ice_hockey
./test/1099.jpg,tennis
./test/1100.jpg,tennis
./test/1101.jpg,gymnastics
./test/1102.jpg,swimming
./test/1103.jpg,baseball
./test/1104.jpg,wrestling
./test/1105.jpg,table_tennis
./test/1106.jpg,chess
./test/1107.jpg,wwe
./test/1108.jpg,tennis
./test/1109.jpg,swimming
./test/1110.jpg,kabaddi
./test/1111.jpg,cricket
./test/1112.jpg,baseball
./test/1113.jpg,table_tennis
./test/1114.jpg,tennis
./test/1115.jpg,table_tennis
./test/1116.jpg,volleyball
./test/1117.jpg,gymnastics
./test/1118.jpg,shooting
./test/1119.jpg,motogp
./test/1120.jpg,tennis
./test/1121.jpg,boxing
./test/1122.jpg,shooting
./test/1123.jpg,fencing
./test/1124.jpg,shooting
./test/1125.jpg,ice_hockey
./test/1126.jpg,boxing
./test/1127.jpg,table_tennis
./test/1128.jpg,tennis
./test/1129.jpg,volleyball
./test/1130.jpg,ice_hockey
./test/1131.jpg,kabaddi
./test/1132.jpg,football
./test/1133.jpg,wrestling
./test/1134.jpg,boxing
./test/1135.jpg,football
./test/1136.jpg,kabaddi
./test/1137.jpg,baseball
./test/1138.jpg,wwe
./test/1139.jpg,boxing
./test/1140.jpg,motogp
./test/1141.jpg,weight_lifting
./test/1142.jpg,cricket
./test/1143.jpg,football
./test/1144.jpg,chess
./test/1145.jpg,badminton
./test/1146.jpg,gymnastics
./test/1147.jpg,table_tennis
./test/1148.jpg,football
./test/1149.jpg,tennis
./test/1150.jpg,wwe
./test/1151.jpg,boxing
./test/1152.jpg,formula1
./test/1153.jpg,basketball
./test/1154.jpg,swimming
./test/1155.jpg,hockey
./test/1156.jpg,kabaddi
./test/1157.jpg,badminton
./test/1158.jpg,football
./test/1159.jpg,swimming
./test/1160.jpg,swimming
./test/1161.jpg,fencing
./test/1162.jpg,volleyball
./test/1163.jpg,baseball
./test/1164.jpg,football
./test/1165.jpg,volleyball
./test/1166.jpg,tennis
./test/1167.jpg,tennis
./test/1168.jpg,tennis
./test/1169.jpg,cricket
./test/1170.jpg,football
./test/1171.jpg,swimming
./test/1172.jpg,motogp
./test/1173.jpg,table_tennis
./test/1174.jpg,wrestling
./test/1175.jpg,ice_hockey
./test/1176.jpg,formula1
./test/1177.jpg,tennis
./test/1178.jpg,gymnastics
./test/1179.jpg,gymnastics
./test/1180.jpg,badminton
./test/1181.jpg,volleyball
./test/1182.jpg,gymnastics
./test/1183.jpg,wrestling
./test/1184.jpg,badminton
./test/1185.jpg,motogp
./test/1186.jpg,chess
./test/1187.jpg,hockey
./test/1188.jpg,badminton
./test/1189.jpg,baseball
./test/1190.jpg,table_tennis
./test/1191.jpg,tennis
./test/1192.jpg,fencing
./test/1193.jpg,cricket
./test/1194.jpg,shooting
./test/1195.jpg,hockey
./test/1196.jpg,football
./test/1197.jpg,baseball
./test/1198.jpg,table_tennis
./test/1199.jpg,kabaddi
./test/1200.jpg,boxing
./test/1201.jpg,gymnastics
./test/1202.jpg,badminton
./test/1203.jpg,hockey
./test/1204.jpg,motogp
./test/1205.jpg,swimming
./test/1206.jpg,baseball
./test/1207.jpg,fencing
./test/1208.jpg,tennis
./test/1209.jpg,wwe
./test/1210.jpg,table_tennis
./test/1211.jpg,wrestling
./test/1212.jpg,swimming
./test/1213.jpg,badminton
./test/1214.jpg,shooting
./test/1215.jpg,hockey
./test/1216.jpg,swimming
./test/1217.jpg,ice_hockey
./test/1218.jpg,fencing
./test/1219.jpg,hockey
./test/1220.jpg,fencing
./test/1221.jpg,wwe
./test/1222.jpg,boxing
./test/1223.jpg,motogp
./test/1224.jpg,motogp
./test/1225.jpg,gymnastics
./test/1226.jpg,baseball
./test/1227.jpg,tennis
./test/1228.jpg,gymnastics
./test/1229.jpg,badminton
./test/1230.jpg,boxing
./test/1231.jpg,table_tennis
./test/1232.jpg,gymnastics
./test/1233.jpg,tennis
./test/1234.jpg,swimming
./test/1235.jpg,badminton
./test/1236.jpg,wrestling
./test/1237.jpg,football
./test/1238.jpg,wrestling
./test/1239.jpg,wwe
./test/1240.jpg,football
./test/1241.jpg,motogp
./test/1242.jpg,ice_hockey
./test/1243.jpg,formula1
./test/1244.jpg,weight_lifting
./test/1245.jpg,football
./test/1246.jpg,badminton
./test/1247.jpg,table_tennis
./test/1248.jpg,football
./test/1249.jpg,ice_hockey
./test/1250.jpg,weight_lifting
./test/1251.jpg,table_tennis
./test/1252.jpg,volleyball
./test/1253.jpg,fencing
./test/1254.jpg,basketball
./test/1255.jpg,wrestling
./test/1256.jpg,gymnastics
./test/1257.jpg,wrestling
./test/1258.jpg,hockey
./test/1259.jpg,football
./test/1260.jpg,cricket
./test/1261.jpg,fencing
./test/1262.jpg,swimming
./test/1263.jpg,shooting
./test/1264.jpg,basketball
./test/1265.jpg,tennis
./test/1266.jpg,tennis
./test/1267.jpg,football
./test/1268.jpg,weight_lifting
./test/1269.jpg,kabaddi
./test/1270.jpg,wwe
./test/1271.jpg,shooting
./test/1272.jpg,wwe
./test/1273.jpg,basketball
./test/1274.jpg,football
./test/1275.jpg,gymnastics
./test/1276.jpg,table_tennis
./test/1277.jpg,formula1
./test/1278.jpg,kabaddi
./test/1279.jpg,baseball
./test/1280.jpg,motogp
./test/1281.jpg,chess
./test/1282.jpg,boxing
./test/1283.jpg,wwe
./test/1284.jpg,badminton
./test/1285.jpg,hockey
./test/1286.jpg,motogp
./test/1287.jpg,chess
./test/1288.jpg,baseball
./test/1289.jpg,weight_lifting
./test/1290.jpg,ice_hockey
./test/1291.jpg,fencing
./test/1292.jpg,tennis
./test/1293.jpg,volleyball
./test/1294.jpg,baseball
./test/1295.jpg,tennis
./test/1296.jpg,baseball
./test/1297.jpg,ice_hockey
./test/1298.jpg,motogp
./test/1299.jpg,cricket
./test/1300.jpg,weight_lifting
./test/1301.jpg,swimming
./test/1302.jpg,boxing
./test/1303.jpg,fencing
./test/1304.jpg,swimming
./test/1305.jpg,tennis
./test/1306.jpg,motogp
./test/1307.jpg,shooting
./test/1308.jpg,cricket
./test/1309.jpg,motogp
./test/1310.jpg,ice_hockey
./test/1311.jpg,wwe
./test/1312.jpg,swimming
./test/1313.jpg,tennis
./test/1314.jpg,ice_hockey
./test/1315.jpg,baseball
./test/1316.jpg,wwe
./test/1317.jpg,motogp
./test/1318.jpg,boxing
./test/1319.jpg,cricket
./test/1320.jpg,volleyball
./test/1321.jpg,wrestling
./test/1322.jpg,motogp
./test/1323.jpg,tennis
./test/1324.jpg,ice_hockey
./test/1325.jpg,football
./test/1326.jpg,basketball
./test/1327.jpg,formula1
./test/1328.jpg,football
./test/1329.jpg,chess
./test/1330.jpg,motogp
./test/1331.jpg,volleyball
./test/1332.jpg,tennis
./test/1333.jpg,gymnastics
./test/1334.jpg,cricket
./test/1335.jpg,football
./test/1336.jpg,boxing
./test/1337.jpg,ice_hockey
./test/1338.jpg,swimming
./test/1339.jpg,ice_hockey
./test/1340.jpg,hockey
./test/1341.jpg,table_tennis
./test/1342.jpg,football
./test/1343.jpg,wwe
./test/1344.jpg,swimming
./test/1345.jpg,badminton
./test/1346.jpg,football
./test/1347.jpg,volleyball
./test/1348.jpg,boxing
./test/1349.jpg,weight_lifting
./test/1350.jpg,football
./test/1351.jpg,boxing
./test/1352.jpg,ice_hockey
./test/1353.jpg,fencing
./test/1354.jpg,tennis
./test/1355.jpg,table_tennis
./test/1356.jpg,cricket
./test/1357.jpg,boxing
./test/1358.jpg,volleyball
./test/1359.jpg,fencing
./test/1360.jpg,tennis
./test/1361.jpg,motogp
./test/1362.jpg,wrestling
./test/1363.jpg,baseball
./test/1364.jpg,wrestling
./test/1365.jpg,baseball
./test/1366.jpg,gymnastics
./test/1367.jpg,formula1
./test/1368.jpg,weight_lifting
./test/1369.jpg,ice_hockey
./test/1370.jpg,ice_hockey
./test/1371.jpg,wwe
./test/1372.jpg,chess
./test/1373.jpg,badminton
./test/1374.jpg,baseball
./test/1375.jpg,fencing
./test/1376.jpg,motogp
./test/1377.jpg,baseball
./test/1378.jpg,gymnastics
./test/1379.jpg,gymnastics
./test/1380.jpg,tennis
./test/1381.jpg,tennis
./test/1382.jpg,basketball
./test/1383.jpg,kabaddi
./test/1384.jpg,hockey
./test/1385.jpg,shooting
./test/1386.jpg,chess
./test/1387.jpg,ice_hockey
./test/1388.jpg,volleyball
./test/1389.jpg,badminton
./test/1390.jpg,badminton
./test/1391.jpg,tennis
./test/1392.jpg,cricket
./test/1393.jpg,motogp
./test/1394.jpg,football
./test/1395.jpg,wwe
./test/1396.jpg,wwe
./test/1397.jpg,shooting
./test/1398.jpg,volleyball
./test/1399.jpg,motogp
./test/1400.jpg,baseball
./test/1401.jpg,fencing
./test/1402.jpg,tennis
./test/1403.jpg,motogp
./test/1404.jpg,wrestling
./test/1405.jpg,wwe
./test/1406.jpg,ice_hockey
./test/1407.jpg,tennis
./test/1408.jpg,baseball
./test/1409.jpg,football
./test/1410.jpg,badminton
./test/1411.jpg,table_tennis
./test/1412.jpg,table_tennis
./test/1413.jpg,swimming
./test/1414.jpg,ice_hockey
./test/1415.jpg,swimming
./test/1416.jpg,baseball
./test/1417.jpg,badminton
./test/1418.jpg,badminton
./test/1419.jpg,kabaddi
./test/1420.jpg,table_tennis
./test/1421.jpg,table_tennis
./test/1422.jpg,hockey
./test/1423.jpg,shooting
./test/1424.jpg,cricket
./test/1425.jpg,table_tennis
./test/1426.jpg,football
./test/1427.jpg,weight_lifting
./test/1428.jpg,tennis
./test/1429.jpg,fencing
./test/1430.jpg,swimming
./test/1431.jpg,wrestling
./test/1432.jpg,table_tennis
./test/1433.jpg,badminton
./test/1434.jpg,basketball
./test/1435.jpg,baseball
./test/1436.jpg,wrestling
./test/1437.jpg,basketball
./test/1438.jpg,wrestling
./test/1439.jpg,tennis
./test/1440.jpg,table_tennis
./test/1441.jpg,fencing
./test/1442.jpg,table_tennis
./test/1443.jpg,volleyball
./test/1444.jpg,weight_lifting
./test/1445.jpg,baseball
./test/1446.jpg,badminton
./test/1447.jpg,football
./test/1448.jpg,cricket
./test/1449.jpg,cricket
./test/1450.jpg,baseball
./test/1451.jpg,motogp
./test/1452.jpg,fencing
./test/1453.jpg,ice_hockey
./test/1454.jpg,wrestling
./test/1455.jpg,hockey
./test/1456.jpg,tennis
./test/1457.jpg,boxing
./test/1458.jpg,baseball
./test/1459.jpg,football
./test/1460.jpg,fencing
./test/1461.jpg,football
./test/1462.jpg,cricket
./test/1463.jpg,weight_lifting
./test/1464.jpg,football
./test/1465.jpg,kabaddi
./test/1466.jpg,gymnastics
./test/1467.jpg,badminton
./test/1468.jpg,kabaddi
./test/1469.jpg,gymnastics
./test/1470.jpg,tennis
./test/1471.jpg,swimming
./test/1472.jpg,tennis
./test/1473.jpg,basketball
./test/1474.jpg,wwe
./test/1475.jpg,cricket
./test/1476.jpg,ice_hockey
./test/1477.jpg,wrestling
./test/1478.jpg,shooting
./test/1479.jpg,swimming
./test/1480.jpg,weight_lifting
./test/1481.jpg,swimming
./test/1482.jpg,table_tennis
./test/1483.jpg,gymnastics
./test/1484.jpg,swimming
./test/1485.jpg,kabaddi
./test/1486.jpg,formula1
./test/1487.jpg,badminton
./test/1488.jpg,swimming
./test/1489.jpg,tennis
./test/1490.jpg,formula1
./test/1491.jpg,basketball
./test/1492.jpg,basketball
./test/1493.jpg,badminton
./test/1494.jpg,table_tennis
./test/1495.jpg,formula1
./test/1496.jpg,kabaddi
./test/1497.jpg,formula1
./test/1498.jpg,football
./test/1499.jpg,basketball
./test/1500.jpg,wrestling
./test/1501.jpg,gymnastics
./test/1502.jpg,basketball
./test/1503.jpg,basketball
./test/1504.jpg,wwe
./test/1505.jpg,wwe
./test/1506.jpg,football
./test/1507.jpg,badminton
./test/1508.jpg,ice_hockey
./test/1509.jpg,motogp
./test/1510.jpg,hockey
./test/1511.jpg,wwe
./test/1512.jpg,cricket
./test/1513.jpg,wrestling
./test/1514.jpg,swimming
./test/1515.jpg,tennis
./test/1516.jpg,baseball
./test/1517.jpg,formula1
./test/1518.jpg,badminton
./test/1519.jpg,weight_lifting
./test/1520.jpg,swimming
./test/1521.jpg,volleyball
./test/1522.jpg,baseball
./test/1523.jpg,football
./test/1524.jpg,ice_hockey
./test/1525.jpg,formula1
./test/1526.jpg,football
./test/1527.jpg,wwe
./test/1528.jpg,tennis
./test/1529.jpg,weight_lifting
./test/1530.jpg,fencing
./test/1531.jpg,cricket
./test/1532.jpg,weight_lifting
./test/1533.jpg,tennis
./test/1534.jpg,table_tennis
./test/1535.jpg,volleyball
./test/1536.jpg,wwe
./test/1537.jpg,table_tennis
./test/1538.jpg,shooting
./test/1539.jpg,cricket
./test/1540.jpg,basketball
./test/1541.jpg,football
./test/1542.jpg,football
./test/1543.jpg,volleyball
./test/1544.jpg,shooting
./test/1545.jpg,football
./test/1546.jpg,football
./test/1547.jpg,swimming
./test/1548.jpg,shooting
./test/1549.jpg,basketball
./test/1550.jpg,swimming
./test/1551.jpg,volleyball
./test/1552.jpg,baseball
./test/1553.jpg,baseball
./test/1554.jpg,badminton
./test/1555.jpg,formula1
./test/1556.jpg,motogp
./test/1557.jpg,tennis
./test/1558.jpg,wrestling
./test/1559.jpg,football
./test/1560.jpg,baseball
./test/1561.jpg,ice_hockey
./test/1562.jpg,wwe
./test/1563.jpg,ice_hockey
./test/1564.jpg,table_tennis
./test/1565.jpg,chess
./test/1566.jpg,fencing
./test/1567.jpg,football
./test/1568.jpg,wrestling
./test/1569.jpg,football
./test/1570.jpg,badminton
./test/1571.jpg,wwe
./test/1572.jpg,cricket
./test/1573.jpg,gymnastics
./test/1574.jpg,motogp
./test/1575.jpg,basketball
./test/1576.jpg,cricket
./test/1577.jpg,weight_lifting
./test/1578.jpg,weight_lifting
./test/1579.jpg,tennis
./test/1580.jpg,football
./test/1581.jpg,wwe
./test/1582.jpg,table_tennis
./test/1583.jpg,wwe
./test/1584.jpg,chess
./test/1585.jpg,football
./test/1586.jpg,badminton
./test/1587.jpg,gymnastics
./test/1588.jpg,cricket
./test/1589.jpg,table_tennis
./test/1590.jpg,wwe
./test/1591.jpg,fencing
./test/1592.jpg,motogp
./test/1593.jpg,cricket
./test/1594.jpg,swimming
./test/1595.jpg,weight_lifting
./test/1596.jpg,gymnastics
./test/1597.jpg,wrestling
./test/1598.jpg,wrestling
./test/1599.jpg,table_tennis
./test/1600.jpg,formula1
./test/1601.jpg,wwe
./test/1602.jpg,chess
./test/1603.jpg,hockey
./test/1604.jpg,baseball
./test/1605.jpg,chess
./test/1606.jpg,badminton
./test/1607.jpg,wrestling
./test/1608.jpg,football
./test/1609.jpg,gymnastics
./test/1610.jpg,badminton
./test/1611.jpg,wrestling
./test/1612.jpg,football
./test/1613.jpg,tennis
./test/1614.jpg,table_tennis
./test/1615.jpg,fencing
./test/1616.jpg,table_tennis
./test/1617.jpg,gymnastics
./test/1618.jpg,tennis
./test/1619.jpg,fencing
./test/1620.jpg,cricket
./test/1621.jpg,chess
./test/1622.jpg,wrestling
./test/1623.jpg,table_tennis
./test/1624.jpg,wrestling
./test/1625.jpg,football
./test/1626.jpg,wrestling
./test/1627.jpg,ice_hockey
./test/1628.jpg,football
./test/1629.jpg,weight_lifting
./test/1630.jpg,table_tennis
./test/1631.jpg,football
./test/1632.jpg,tennis
./test/1633.jpg,swimming
./test/1634.jpg,boxing
./test/1635.jpg,badminton
./test/1636.jpg,motogp
./test/1637.jpg,badminton
./test/1638.jpg,formula1
./test/1639.jpg,tennis
./test/1640.jpg,weight_lifting
./test/1641.jpg,boxing
./test/1642.jpg,wwe
./test/1643.jpg,badminton
./test/1644.jpg,football
./test/1645.jpg,basketball
./test/1646.jpg,weight_lifting
./test/1647.jpg,weight_lifting
./test/1648.jpg,volleyball
./test/1649.jpg,football
./test/1650.jpg,table_tennis
./test/1651.jpg,football
./test/1652.jpg,weight_lifting
./test/1653.jpg,gymnastics
./test/1654.jpg,tennis
./test/1655.jpg,formula1
./test/1656.jpg,baseball
./test/1657.jpg,chess
./test/1658.jpg,badminton
./test/1659.jpg,wwe
./test/1660.jpg,wwe
./test/1661.jpg,cricket
./test/1662.jpg,fencing
./test/1663.jpg,wwe
./test/1664.jpg,football
./test/1665.jpg,hockey
./test/1666.jpg,ice_hockey
./test/1667.jpg,chess
./test/1668.jpg,wrestling
./test/1669.jpg,baseball
./test/1670.jpg,ice_hockey
./test/1671.jpg,tennis
./test/1672.jpg,cricket
./test/1673.jpg,badminton
./test/1674.jpg,wrestling
./test/1675.jpg,badminton
./test/1676.jpg,swimming
./test/1677.jpg,football
./test/1678.jpg,motogp
./test/1679.jpg,motogp
./test/1680.jpg,chess
./test/1681.jpg,tennis
./test/1682.jpg,wwe
./test/1683.jpg,formula1
./test/1684.jpg,baseball
./test/1685.jpg,wrestling
./test/1686.jpg,gymnastics
./test/1687.jpg,football
./test/1688.jpg,chess
./test/1689.jpg,volleyball
./test/1690.jpg,wrestling
./test/1691.jpg,football
./test/1692.jpg,fencing
./test/1693.jpg,cricket
./test/1694.jpg,wwe
./test/1695.jpg,table_tennis
./test/1696.jpg,football
./test/1697.jpg,wwe
./test/1698.jpg,kabaddi
./test/1699.jpg,formula1
./test/1700.jpg,football
./test/1701.jpg,tennis
./test/1702.jpg,fencing
./test/1703.jpg,baseball
./test/1704.jpg,football
./test/1705.jpg,motogp
./test/1706.jpg,swimming
./test/1707.jpg,football
./test/1708.jpg,table_tennis
./test/1709.jpg,boxing
./test/1710.jpg,table_tennis
./test/1711.jpg,ice_hockey
./test/1712.jpg,tennis
./test/1713.jpg,fencing
./test/1714.jpg,cricket
./test/1715.jpg,wrestling
./test/1716.jpg,motogp
./test/1717.jpg,weight_lifting
./test/1718.jpg,wrestling
./test/1719.jpg,wrestling
./test/1720.jpg,fencing
./test/1721.jpg,hockey
./test/1722.jpg,football
./test/1723.jpg,shooting
./test/1724.jpg,tennis
./test/1725.jpg,kabaddi
./test/1726.jpg,formula1
./test/1727.jpg,boxing
./test/1728.jpg,chess
./test/1729.jpg,weight_lifting
./test/1730.jpg,wrestling
./test/1731.jpg,swimming
./test/1732.jpg,volleyball
./test/1733.jpg,shooting
./test/1734.jpg,football
./test/1735.jpg,gymnastics
./test/1736.jpg,volleyball
./test/1737.jpg,football
./test/1738.jpg,shooting
./test/1739.jpg,hockey
./test/1740.jpg,weight_lifting
./test/1741.jpg,baseball
./test/1742.jpg,cricket
./test/1743.jpg,swimming
./test/1744.jpg,volleyball
./test/1745.jpg,boxing
./test/1746.jpg,wrestling
./test/1747.jpg,hockey
./test/1748.jpg,wwe
./test/1749.jpg,baseball
./test/1750.jpg,motogp
./test/1751.jpg,wwe
./test/1752.jpg,badminton
./test/1753.jpg,wwe
./test/1754.jpg,badminton
./test/1755.jpg,tennis
./test/1756.jpg,boxing
./test/1757.jpg,tennis
./test/1758.jpg,badminton
./test/1759.jpg,wwe
./test/1760.jpg,wrestling
./test/1761.jpg,table_tennis
./test/1762.jpg,ice_hockey
./test/1763.jpg,tennis
./test/1764.jpg,motogp
./test/1765.jpg,fencing
./test/1766.jpg,motogp
./test/1767.jpg,ice_hockey
./test/1768.jpg,motogp
./test/1769.jpg,wwe
./test/1770.jpg,wrestling
./test/1771.jpg,hockey
./test/1772.jpg,gymnastics
./test/1773.jpg,swimming
./test/1774.jpg,gymnastics
./test/1775.jpg,shooting
./test/1776.jpg,tennis
./test/1777.jpg,tennis
./test/1778.jpg,football
./test/1779.jpg,gymnastics
./test/1780.jpg,hockey
./test/1781.jpg,shooting
./test/1782.jpg,kabaddi
./test/1783.jpg,badminton
./test/1784.jpg,gymnastics
./test/1785.jpg,tennis
./test/1786.jpg,wrestling
./test/1787.jpg,tennis
./test/1788.jpg,fencing
./test/1789.jpg,volleyball
./test/1790.jpg,volleyball
./test/1791.jpg,shooting
./test/1792.jpg,swimming
./test/1793.jpg,football
./test/1794.jpg,chess
./test/1795.jpg,swimming
./test/1796.jpg,weight_lifting
./test/1797.jpg,volleyball
./test/1798.jpg,wwe
./test/1799.jpg,swimming
./test/1800.jpg,gymnastics
./test/1801.jpg,swimming
./test/1802.jpg,badminton
./test/1803.jpg,tennis
./test/1804.jpg,gymnastics
./test/1805.jpg,kabaddi
./test/1806.jpg,wwe
./test/1807.jpg,basketball
./test/1808.jpg,shooting
./test/1809.jpg,motogp
./test/1810.jpg,tennis
./test/1811.jpg,shooting
./test/1812.jpg,fencing
./test/1813.jpg,weight_lifting
./test/1814.jpg,swimming
./test/1815.jpg,ice_hockey
./test/1816.jpg,tennis
./test/1817.jpg,volleyball
./test/1818.jpg,basketball
./test/1819.jpg,badminton
./test/1820.jpg,wrestling
./test/1821.jpg,chess
./test/1822.jpg,hockey
./test/1823.jpg,football
./test/1824.jpg,tennis
./test/1825.jpg,badminton
./test/1826.jpg,ice_hockey
./test/1827.jpg,hockey
./test/1828.jpg,swimming
./test/1829.jpg,fencing
./test/1830.jpg,hockey
./test/1831.jpg,badminton
./test/1832.jpg,basketball
./test/1833.jpg,hockey
./test/1834.jpg,tennis
./test/1835.jpg,motogp
./test/1836.jpg,wrestling
./test/1837.jpg,tennis
./test/1838.jpg,shooting
./test/1839.jpg,ice_hockey
./test/1840.jpg,wrestling
./test/1841.jpg,cricket
./test/1842.jpg,hockey
./test/1843.jpg,fencing
./test/1844.jpg,badminton
./test/1845.jpg,boxing
./test/1846.jpg,motogp
./test/1847.jpg,badminton
./test/1848.jpg,ice_hockey
./test/1849.jpg,formula1
./test/1850.jpg,motogp
./test/1851.jpg,badminton
./test/1852.jpg,motogp
./test/1853.jpg,table_tennis
./test/1854.jpg,football
./test/1855.jpg,weight_lifting
./test/1856.jpg,chess
./test/1857.jpg,badminton
./test/1858.jpg,formula1
./test/1859.jpg,cricket
./test/1860.jpg,formula1
./test/1861.jpg,boxing
./test/1862.jpg,wwe
./test/1863.jpg,kabaddi
./test/1864.jpg,weight_lifting
./test/1865.jpg,badminton
./test/1866.jpg,wrestling
./test/1867.jpg,badminton
./test/1868.jpg,shooting
./test/1869.jpg,wwe
./test/1870.jpg,football
./test/1871.jpg,wwe
./test/1872.jpg,table_tennis
./test/1873.jpg,tennis
./test/1874.jpg,wrestling
./test/1875.jpg,hockey
./test/1876.jpg,badminton
./test/1877.jpg,badminton
./test/1878.jpg,weight_lifting
./test/1879.jpg,cricket
./test/1880.jpg,weight_lifting
./test/1881.jpg,wrestling
./test/1882.jpg,cricket
./test/1883.jpg,wwe
./test/1884.jpg,tennis
./test/1885.jpg,ice_hockey
./test/1886.jpg,baseball
./test/1887.jpg,fencing
./test/1888.jpg,baseball
./test/1889.jpg,swimming
./test/1890.jpg,wwe
./test/1891.jpg,football
./test/1892.jpg,chess
./test/1893.jpg,gymnastics
./test/1894.jpg,weight_lifting
./test/1895.jpg,tennis
./test/1896.jpg,table_tennis
./test/1897.jpg,volleyball
./test/1898.jpg,gymnastics
./test/1899.jpg,gymnastics
./test/1900.jpg,swimming
./test/1901.jpg,tennis
./test/1902.jpg,baseball
./test/1903.jpg,basketball
./test/1904.jpg,football
./test/1905.jpg,tennis
./test/1906.jpg,fencing
./test/1907.jpg,swimming
./test/1908.jpg,fencing
./test/1909.jpg,weight_lifting
./test/1910.jpg,boxing
./test/1911.jpg,tennis
./test/1912.jpg,chess
./test/1913.jpg,badminton
./test/1914.jpg,wwe
./test/1915.jpg,gymnastics
./test/1916.jpg,hockey
./test/1917.jpg,fencing
./test/1918.jpg,volleyball
./test/1919.jpg,cricket
./test/1920.jpg,badminton
./test/1921.jpg,baseball
./test/1922.jpg,cricket
./test/1923.jpg,table_tennis
./test/1924.jpg,chess
./test/1925.jpg,volleyball
./test/1926.jpg,swimming
./test/1927.jpg,basketball
./test/1928.jpg,wwe
./test/1929.jpg,gymnastics
./test/1930.jpg,wwe
./test/1931.jpg,baseball
./test/1932.jpg,weight_lifting
./test/1933.jpg,cricket
./test/1934.jpg,ice_hockey
./test/1935.jpg,cricket
./test/1936.jpg,football
./test/1937.jpg,wrestling
./test/1938.jpg,tennis
./test/1939.jpg,tennis
./test/1940.jpg,chess
./test/1941.jpg,chess
./test/1942.jpg,formula1
./test/1943.jpg,wrestling
./test/1944.jpg,chess
./test/1945.jpg,wwe
./test/1946.jpg,table_tennis
./test/1947.jpg,badminton
./test/1948.jpg,swimming
./test/1949.jpg,badminton
./test/1950.jpg,formula1
./test/1951.jpg,tennis
./test/1952.jpg,football
./test/1953.jpg,tennis
./test/1954.jpg,football
./test/1955.jpg,motogp
./test/1956.jpg,tennis
./test/1957.jpg,ice_hockey
./test/1958.jpg,formula1
./test/1959.jpg,boxing
./test/1960.jpg,formula1
./test/1961.jpg,motogp
./test/1962.jpg,motogp
./test/1963.jpg,volleyball
./test/1964.jpg,football
./test/1965.jpg,table_tennis
./test/1966.jpg,fencing
./test/1967.jpg,swimming
./test/1968.jpg,badminton
./test/1969.jpg,volleyball
./test/1970.jpg,badminton
./test/1971.jpg,football
./test/1972.jpg,chess
./test/1973.jpg,volleyball
./test/1974.jpg,formula1
./test/1975.jpg,table_tennis
./test/1976.jpg,football
./test/1977.jpg,football
./test/1978.jpg,gymnastics
./test/1979.jpg,ice_hockey
./test/1980.jpg,badminton
./test/1981.jpg,football
./test/1982.jpg,baseball
./test/1983.jpg,swimming
./test/1984.jpg,badminton
./test/1985.jpg,table_tennis
./test/1986.jpg,swimming
./test/1987.jpg,motogp
./test/1988.jpg,badminton
./test/1989.jpg,baseball
./test/1990.jpg,football
./test/1991.jpg,wwe
./test/1992.jpg,cricket
./test/1993.jpg,wwe
./test/1994.jpg,wrestling
./test/1995.jpg,motogp
./test/1996.jpg,football
./test/1997.jpg,wwe
./test/1998.jpg,volleyball
./test/1999.jpg,swimming
./test/2000.jpg,motogp
./test/2001.jpg,baseball
./test/2002.jpg,football
./test/2003.jpg,motogp
./test/2004.jpg,motogp
./test/2005.jpg,table_tennis
./test/2006.jpg,kabaddi
./test/2007.jpg,motogp
./test/2008.jpg,fencing
./test/2009.jpg,tennis
./test/2010.jpg,badminton
./test/2011.jpg,weight_lifting
./test/2012.jpg,fencing
./test/2013.jpg,chess
./test/2014.jpg,swimming
./test/2015.jpg,swimming
./test/2016.jpg,tennis
./test/2017.jpg,fencing
./test/2018.jpg,chess
./test/2019.jpg,baseball
./test/2020.jpg,shooting
./test/2021.jpg,wrestling
./test/2022.jpg,tennis
./test/2023.jpg,hockey
./test/2024.jpg,shooting
./test/2025.jpg,weight_lifting
./test/2026.jpg,basketball
./test/2027.jpg,kabaddi
./test/2028.jpg,wrestling
./test/2029.jpg,wwe
./test/2030.jpg,football
./test/2031.jpg,wrestling
./test/2032.jpg,cricket
./test/2033.jpg,chess
./test/2034.jpg,fencing
./test/2035.jpg,tennis
./test/2036.jpg,baseball
./test/2037.jpg,table_tennis
./test/2038.jpg,wrestling
./test/2039.jpg,football
./test/2040.jpg,motogp
./test/2041.jpg,cricket
./test/2042.jpg,swimming
./test/2043.jpg,football
./test/2044.jpg,wwe
./test/2045.jpg,ice_hockey
./test/2046.jpg,baseball
./test/2047.jpg,badminton
./test/2048.jpg,motogp
./test/2049.jpg,motogp
./test/2050.jpg,hockey
./test/2051.jpg,baseball
./test/2052.jpg,tennis
./test/2053.jpg,wwe
./test/2054.jpg,football
./test/2055.jpg,kabaddi
./test/2056.jpg,baseball
./test/2057.jpg,football
./test/2058.jpg,badminton
./test/2059.jpg,football
./test/2060.jpg,kabaddi
./test/2061.jpg,formula1
./test/2062.jpg,swimming
./test/2063.jpg,ice_hockey
./test/2064.jpg,gymnastics
./test/2065.jpg,gymnastics
./test/2066.jpg,volleyball
./test/2067.jpg,table_tennis
./test/2068.jpg,cricket
./test/2069.jpg,cricket
./test/2070.jpg,cricket
./test/2071.jpg,tennis
./test/2072.jpg,football
./test/2073.jpg,volleyball
./test/2074.jpg,formula1
./test/2075.jpg,baseball
./test/2076.jpg,wrestling
./test/2077.jpg,wrestling
./test/2078.jpg,gymnastics
./test/2079.jpg,cricket
./test/2080.jpg,hockey
./test/2081.jpg,weight_lifting
./test/2082.jpg,shooting
./test/2083.jpg,baseball
./test/2084.jpg,chess
./test/2085.jpg,ice_hockey
./test/2086.jpg,cricket
./test/2087.jpg,weight_lifting
./test/2088.jpg,wrestling
./test/2089.jpg,weight_lifting
./test/2090.jpg,gymnastics
./test/2091.jpg,baseball
./test/2092.jpg,cricket
./test/2093.jpg,wrestling
./test/2094.jpg,cricket
./test/2095.jpg,football
./test/2096.jpg,baseball
./test/2097.jpg,ice_hockey
./test/2098.jpg,shooting
./test/2099.jpg,hockey
./test/2100.jpg,ice_hockey
./test/2101.jpg,cricket
./test/2102.jpg,table_tennis
./test/2103.jpg,ice_hockey
./test/2104.jpg,cricket
./test/2105.jpg,volleyball
./test/2106.jpg,table_tennis
./test/2107.jpg,chess
./test/2108.jpg,formula1
./test/2109.jpg,kabaddi
./test/2110.jpg,basketball
./test/2111.jpg,cricket
./test/2112.jpg,chess
./test/2113.jpg,football
./test/2114.jpg,weight_lifting
./test/2115.jpg,basketball
./test/2116.jpg,volleyball
./test/2117.jpg,tennis
./test/2118.jpg,boxing
./test/2119.jpg,gymnastics
./test/2120.jpg,tennis
./test/2121.jpg,weight_lifting
./test/2122.jpg,baseball
./test/2123.jpg,basketball
./test/2124.jpg,wwe
./test/2125.jpg,baseball
./test/2126.jpg,volleyball
./test/2127.jpg,formula1
./test/2128.jpg,volleyball
./test/2129.jpg,volleyball
./test/2130.jpg,tennis
./test/2131.jpg,tennis
./test/2132.jpg,kabaddi
./test/2133.jpg,football
./test/2134.jpg,fencing
./test/2135.jpg,weight_lifting
./test/2136.jpg,table_tennis
./test/2137.jpg,boxing
./test/2138.jpg,boxing
./test/2139.jpg,wrestling
./test/2140.jpg,boxing
./test/2141.jpg,wwe
./test/2142.jpg,shooting
./test/2143.jpg,badminton
./test/2144.jpg,shooting
./test/2145.jpg,formula1
./test/2146.jpg,hockey
./test/2147.jpg,fencing
./test/2148.jpg,volleyball
./test/2149.jpg,badminton
./test/2150.jpg,kabaddi
./test/2151.jpg,baseball
./test/2152.jpg,tennis
./test/2153.jpg,wwe
./test/2154.jpg,tennis
./test/2155.jpg,chess
./test/2156.jpg,table_tennis
./test/2157.jpg,ice_hockey
./test/2158.jpg,gymnastics
./test/2159.jpg,table_tennis
./test/2160.jpg,basketball
./test/2161.jpg,baseball
./test/2162.jpg,weight_lifting
./test/2163.jpg,wwe
./test/2164.jpg,kabaddi
./test/2165.jpg,cricket
./test/2166.jpg,weight_lifting
./test/2167.jpg,gymnastics
./test/2168.jpg,football
./test/2169.jpg,baseball
./test/2170.jpg,fencing
./test/2171.jpg,ice_hockey
./test/2172.jpg,volleyball
./test/2173.jpg,gymnastics
./test/2174.jpg,football
./test/2175.jpg,ice_hockey
./test/2176.jpg,cricket
./test/2177.jpg,badminton
./test/2178.jpg,formula1
./test/2179.jpg,baseball
./test/2180.jpg,badminton
./test/2181.jpg,ice_hockey
./test/2182.jpg,wrestling
./test/2183.jpg,football
./test/2184.jpg,swimming
./test/2185.jpg,formula1
./test/2186.jpg,motogp
./test/2187.jpg,volleyball
./test/2188.jpg,wrestling
./test/2189.jpg,fencing
./test/2190.jpg,badminton
./test/2191.jpg,chess
./test/2192.jpg,badminton
./test/2193.jpg,wwe
./test/2194.jpg,baseball
./test/2195.jpg,shooting
./test/2196.jpg,baseball
./test/2197.jpg,hockey
./test/2198.jpg,tennis
./test/2199.jpg,badminton
./test/2200.jpg,badminton
./test/2201.jpg,gymnastics
./test/2202.jpg,motogp
./test/2203.jpg,ice_hockey
./test/2204.jpg,baseball
./test/2205.jpg,table_tennis
./test/2206.jpg,badminton
./test/2207.jpg,hockey
./test/2208.jpg,badminton
./test/2209.jpg,baseball
./test/2210.jpg,baseball
./test/2211.jpg,baseball
./test/2212.jpg,baseball
./test/2213.jpg,football
./test/2214.jpg,ice_hockey
./test/2215.jpg,boxing
./test/2216.jpg,wrestling
./test/2217.jpg,ice_hockey
./test/2218.jpg,ice_hockey
./test/2219.jpg,fencing
./test/2220.jpg,motogp
./test/2221.jpg,motogp
./test/2222.jpg,kabaddi
./test/2223.jpg,tennis
./test/2224.jpg,baseball
./test/2225.jpg,cricket
./test/2226.jpg,fencing
./test/2227.jpg,football
./test/2228.jpg,volleyball
./test/2229.jpg,football
./test/2230.jpg,tennis
./test/2231.jpg,volleyball
./test/2232.jpg,wwe
./test/2233.jpg,cricket
./test/2234.jpg,weight_lifting
./test/2235.jpg,volleyball
./test/2236.jpg,shooting
./test/2237.jpg,wwe
./test/2238.jpg,football
./test/2239.jpg,motogp
./test/2240.jpg,gymnastics
./test/2241.jpg,formula1
./test/2242.jpg,kabaddi
./test/2243.jpg,gymnastics
./test/2244.jpg,tennis
./test/2245.jpg,badminton
./test/2246.jpg,swimming
./test/2247.jpg,fencing
./test/2248.jpg,fencing
./test/2249.jpg,tennis
./test/2250.jpg,swimming
./test/2251.jpg,motogp
./test/2252.jpg,cricket
./test/2253.jpg,volleyball
./test/2254.jpg,ice_hockey
./test/2255.jpg,formula1
./test/2256.jpg,weight_lifting
./test/2257.jpg,shooting
./test/2258.jpg,badminton
./test/2259.jpg,wrestling
./test/2260.jpg,shooting
./test/2261.jpg,fencing
./test/2262.jpg,volleyball
./test/2263.jpg,tennis
./test/2264.jpg,basketball
./test/2265.jpg,wrestling
./test/2266.jpg,football
./test/2267.jpg,fencing
./test/2268.jpg,weight_lifting
./test/2269.jpg,badminton
./test/2270.jpg,formula1
./test/2271.jpg,hockey
./test/2272.jpg,motogp
./test/2273.jpg,volleyball
./test/2274.jpg,weight_lifting
./test/2275.jpg,baseball
./test/2276.jpg,motogp
./test/2277.jpg,badminton
./test/2278.jpg,wrestling
./test/2279.jpg,tennis
./test/2280.jpg,ice_hockey
./test/2281.jpg,ice_hockey
./test/2282.jpg,badminton
./test/2283.jpg,boxing
./test/2284.jpg,volleyball
./test/2285.jpg,tennis
./test/2286.jpg,boxing
./test/2287.jpg,baseball
./test/2288.jpg,gymnastics
./test/2289.jpg,table_tennis
./test/2290.jpg,wwe
./test/2291.jpg,chess
./test/2292.jpg,table_tennis
./test/2293.jpg,table_tennis
./test/2294.jpg,table_tennis
./test/2295.jpg,chess
./test/2296.jpg,football
./test/2297.jpg,wrestling
./test/2298.jpg,tennis
./test/2299.jpg,volleyball
./test/2300.jpg,tennis
./test/2301.jpg,hockey
./test/2302.jpg,swimming
./test/2303.jpg,tennis
./test/2304.jpg,volleyball
./test/2305.jpg,tennis
./test/2306.jpg,wrestling
./test/2307.jpg,cricket
./test/2308.jpg,swimming
./test/2309.jpg,formula1
./test/2310.jpg,basketball
./test/2311.jpg,baseball
./test/2312.jpg,motogp
./test/2313.jpg,gymnastics
./test/2314.jpg,cricket
./test/2315.jpg,table_tennis
./test/2316.jpg,hockey
./test/2317.jpg,gymnastics
./test/2318.jpg,football
./test/2319.jpg,volleyball
./test/2320.jpg,boxing
./test/2321.jpg,fencing
./test/2322.jpg,football
./test/2323.jpg,kabaddi
./test/2324.jpg,tennis
./test/2325.jpg,weight_lifting
./test/2326.jpg,ice_hockey
./test/2327.jpg,swimming
./test/2328.jpg,weight_lifting
./test/2329.jpg,ice_hockey
./test/2330.jpg,fencing
./test/2331.jpg,cricket
./test/2332.jpg,swimming
./test/2333.jpg,wwe
./test/2334.jpg,table_tennis
./test/2335.jpg,gymnastics
./test/2336.jpg,kabaddi
./test/2337.jpg,shooting
./test/2338.jpg,cricket
./test/2339.jpg,baseball
./test/2340.jpg,wwe
./test/2341.jpg,wrestling
./test/2342.jpg,fencing
./test/2343.jpg,wwe
./test/2344.jpg,wrestling
./test/2345.jpg,kabaddi
./test/2346.jpg,tennis
./test/2347.jpg,ice_hockey
./test/2348.jpg,football
./test/2349.jpg,formula1
./test/2350.jpg,cricket
./test/2351.jpg,weight_lifting
./test/2352.jpg,shooting
./test/2353.jpg,fencing
./test/2354.jpg,football
./test/2355.jpg,tennis
./test/2356.jpg,weight_lifting
./test/2357.jpg,tennis
./test/2358.jpg,table_tennis
./test/2359.jpg,ice_hockey
./test/2360.jpg,kabaddi
./test/2361.jpg,gymnastics
./test/2362.jpg,wwe
./test/2363.jpg,tennis
./test/2364.jpg,hockey
./test/2365.jpg,tennis
./test/2366.jpg,football
./test/2367.jpg,table_tennis
./test/2368.jpg,ice_hockey
./test/2369.jpg,hockey
./test/2370.jpg,tennis
./test/2371.jpg,table_tennis
./test/2372.jpg,baseball
./test/2373.jpg,table_tennis
./test/2374.jpg,table_tennis
./test/2375.jpg,table_tennis
./test/2376.jpg,baseball
./test/2377.jpg,badminton
./test/2378.jpg,badminton
./test/2379.jpg,cricket
./test/2380.jpg,table_tennis
./test/2381.jpg,wwe
./test/2382.jpg,cricket
./test/2383.jpg,motogp
./test/2384.jpg,fencing
./test/2385.jpg,motogp
./test/2386.jpg,cricket
./test/2387.jpg,ice_hockey
./test/2388.jpg,cricket
./test/2389.jpg,swimming
./test/2390.jpg,table_tennis
./test/2391.jpg,weight_lifting
./test/2392.jpg,weight_lifting
./test/2393.jpg,fencing
./test/2394.jpg,motogp
./test/2395.jpg,wwe
./test/2396.jpg,tennis
./test/2397.jpg,wwe
./test/2398.jpg,wwe
./test/2399.jpg,table_tennis
./test/2400.jpg,ice_hockey
./test/2401.jpg,table_tennis
./test/2402.jpg,cricket
./test/2403.jpg,swimming
./test/2404.jpg,volleyball
./test/2405.jpg,tennis
./test/2406.jpg,table_tennis
./test/2407.jpg,kabaddi
./test/2408.jpg,wrestling
./test/2409.jpg,gymnastics
./test/2410.jpg,ice_hockey
./test/2411.jpg,weight_lifting
./test/2412.jpg,football
./test/2413.jpg,ice_hockey
./test/2414.jpg,formula1
./test/2415.jpg,ice_hockey
./test/2416.jpg,badminton
./test/2417.jpg,wwe
./test/2418.jpg,tennis
./test/2419.jpg,football
./test/2420.jpg,motogp
./test/2421.jpg,table_tennis
./test/2422.jpg,basketball
./test/2423.jpg,wwe
./test/2424.jpg,badminton
./test/2425.jpg,cricket
./test/2426.jpg,badminton
./test/2427.jpg,motogp
./test/2428.jpg,kabaddi
./test/2429.jpg,swimming
./test/2430.jpg,kabaddi
./test/2431.jpg,baseball
./test/2432.jpg,basketball
./test/2433.jpg,wrestling
./test/2434.jpg,badminton
./test/2435.jpg,wrestling
./test/2436.jpg,motogp
./test/2437.jpg,tennis
./test/2438.jpg,swimming
./test/2439.jpg,cricket
./test/2440.jpg,tennis
./test/2441.jpg,shooting
./test/2442.jpg,tennis
./test/2443.jpg,cricket
./test/2444.jpg,motogp
./test/2445.jpg,kabaddi
./test/2446.jpg,gymnastics
./test/2447.jpg,football
./test/2448.jpg,swimming
./test/2449.jpg,wrestling
./test/2450.jpg,cricket
./test/2451.jpg,tennis
./test/2452.jpg,gymnastics
./test/2453.jpg,boxing
./test/2454.jpg,kabaddi
./test/2455.jpg,ice_hockey
./test/2456.jpg,swimming
./test/2457.jpg,wrestling
./test/2458.jpg,badminton
./test/2459.jpg,wwe
./test/2460.jpg,football
./test/2461.jpg,cricket
./test/2462.jpg,baseball
./test/2463.jpg,football
./test/2464.jpg,swimming
./test/2465.jpg,volleyball
./test/2466.jpg,baseball
./test/2467.jpg,volleyball
./test/2468.jpg,football
./test/2469.jpg,table_tennis
./test/2470.jpg,fencing
./test/2471.jpg,swimming
./test/2472.jpg,basketball
./test/2473.jpg,wrestling
./test/2474.jpg,swimming
./test/2475.jpg,football
./test/2476.jpg,swimming
./test/2477.jpg,wrestling
./test/2478.jpg,ice_hockey
./test/2479.jpg,badminton
./test/2480.jpg,football
./test/2481.jpg,boxing
./test/2482.jpg,badminton
./test/2483.jpg,volleyball
./test/2484.jpg,badminton
./test/2485.jpg,motogp
./test/2486.jpg,wrestling
./test/2487.jpg,swimming
./test/2488.jpg,formula1
./test/2489.jpg,motogp
./test/2490.jpg,table_tennis
./test/2491.jpg,badminton
./test/2492.jpg,swimming
./test/2493.jpg,table_tennis
./test/2494.jpg,formula1
./test/2495.jpg,gymnastics
./test/2496.jpg,tennis
./test/2497.jpg,kabaddi
./test/2498.jpg,volleyball
./test/2499.jpg,shooting
./test/2500.jpg,baseball
./test/2501.jpg,tennis
./test/2502.jpg,wwe
./test/2503.jpg,baseball
./test/2504.jpg,gymnastics
./test/2505.jpg,hockey
./test/2506.jpg,ice_hockey
./test/2507.jpg,wwe
./test/2508.jpg,tennis
./test/2509.jpg,cricket
./test/2510.jpg,volleyball
./test/2511.jpg,badminton
./test/2512.jpg,ice_hockey
./test/2513.jpg,cricket
./test/2514.jpg,tennis
./test/2515.jpg,baseball
./test/2516.jpg,motogp
./test/2517.jpg,football
./test/2518.jpg,tennis
./test/2519.jpg,shooting
./test/2520.jpg,ice_hockey
./test/2521.jpg,wwe
./test/2522.jpg,tennis
./test/2523.jpg,motogp
./test/2524.jpg,volleyball
./test/2525.jpg,badminton
./test/2526.jpg,wrestling
./test/2527.jpg,wwe
./test/2528.jpg,fencing
./test/2529.jpg,tennis
./test/2530.jpg,gymnastics
./test/2531.jpg,formula1
./test/2532.jpg,football
./test/2533.jpg,wwe
./test/2534.jpg,wwe
./test/2535.jpg,wwe
./test/2536.jpg,chess
./test/2537.jpg,wwe
./test/2538.jpg,fencing
./test/2539.jpg,motogp
./test/2540.jpg,football
./test/2541.jpg,football
./test/2542.jpg,badminton
./test/2543.jpg,wwe
./test/2544.jpg,tennis
./test/2545.jpg,baseball
./test/2546.jpg,football
./test/2547.jpg,swimming
./test/2548.jpg,wwe
./test/2549.jpg,wrestling
./test/2550.jpg,baseball
./test/2551.jpg,cricket
./test/2552.jpg,hockey
./test/2553.jpg,wwe
./test/2554.jpg,fencing
./test/2555.jpg,badminton
./test/2556.jpg,wrestling
./test/2557.jpg,swimming
./test/2558.jpg,swimming
./test/2559.jpg,table_tennis
./test/2560.jpg,tennis
./test/2561.jpg,table_tennis
./test/2562.jpg,football
./test/2563.jpg,cricket
./test/2564.jpg,wrestling
./test/2565.jpg,ice_hockey
./test/2566.jpg,motogp
./test/2567.jpg,volleyball
./test/2568.jpg,basketball
./test/2569.jpg,badminton
./test/2570.jpg,gymnastics
./test/2571.jpg,wwe
./test/2572.jpg,basketball
./test/2573.jpg,volleyball
./test/2574.jpg,shooting
./test/2575.jpg,boxing
./test/2576.jpg,tennis
./test/2577.jpg,football
./test/2578.jpg,baseball
./test/2579.jpg,kabaddi
./test/2580.jpg,cricket
./test/2581.jpg,cricket
./test/2582.jpg,weight_lifting
./test/2583.jpg,football
./test/2584.jpg,chess
./test/2585.jpg,table_tennis
./test/2586.jpg,baseball
./test/2587.jpg,formula1
./test/2588.jpg,wrestling
./test/2589.jpg,hockey
./test/2590.jpg,wwe
./test/2591.jpg,football
./test/2592.jpg,cricket
./test/2593.jpg,tennis
./test/2594.jpg,wrestling
./test/2595.jpg,gymnastics
./test/2596.jpg,tennis
./test/2597.jpg,wwe
./test/2598.jpg,shooting
./test/2599.jpg,tennis
./test/2600.jpg,fencing
./test/2601.jpg,wwe
./test/2602.jpg,volleyball
./test/2603.jpg,baseball
./test/2604.jpg,swimming
./test/2605.jpg,shooting
./test/2606.jpg,volleyball
./test/2607.jpg,wrestling
./test/2608.jpg,football
./test/2609.jpg,wrestling
./test/2610.jpg,weight_lifting
./test/2611.jpg,ice_hockey
./test/2612.jpg,kabaddi
./test/2613.jpg,wwe
./test/2614.jpg,football
./test/2615.jpg,formula1
./test/2616.jpg,wwe
./test/2617.jpg,swimming
./test/2618.jpg,fencing
./test/2619.jpg,hockey
./test/2620.jpg,ice_hockey
./test/2621.jpg,hockey
./test/2622.jpg,formula1
./test/2623.jpg,baseball
./test/2624.jpg,football
./test/2625.jpg,table_tennis
./test/2626.jpg,ice_hockey
./test/2627.jpg,baseball
./test/2628.jpg,badminton
./test/2629.jpg,baseball
./test/2630.jpg,gymnastics
./test/2631.jpg,volleyball
./test/2632.jpg,football
./test/2633.jpg,ice_hockey
./test/2634.jpg,football
./test/2635.jpg,hockey
./test/2636.jpg,volleyball
./test/2637.jpg,tennis
./test/2638.jpg,volleyball
./test/2639.jpg,fencing
./test/2640.jpg,hockey
./test/2641.jpg,tennis
./test/2642.jpg,motogp
./test/2643.jpg,fencing
./test/2644.jpg,tennis
./test/2645.jpg,volleyball
./test/2646.jpg,chess
./test/2647.jpg,baseball
./test/2648.jpg,chess
./test/2649.jpg,chess
./test/2650.jpg,football
./test/2651.jpg,ice_hockey
./test/2652.jpg,weight_lifting
./test/2653.jpg,wrestling
./test/2654.jpg,volleyball
./test/2655.jpg,wrestling
./test/2656.jpg,gymnastics
./test/2657.jpg,chess
./test/2658.jpg,tennis
./test/2659.jpg,tennis
./test/2660.jpg,baseball
./test/2661.jpg,fencing
./test/2662.jpg,football
./test/2663.jpg,ice_hockey
./test/2664.jpg,boxing
./test/2665.jpg,baseball
./test/2666.jpg,boxing
./test/2667.jpg,wwe
./test/2668.jpg,weight_lifting
./test/2669.jpg,football
./test/2670.jpg,fencing
./test/2671.jpg,football
./test/2672.jpg,wrestling
./test/2673.jpg,badminton
./test/2674.jpg,swimming
./test/2675.jpg,formula1
./test/2676.jpg,football
./test/2677.jpg,motogp
./test/2678.jpg,baseball
./test/2679.jpg,cricket
./test/2680.jpg,fencing
./test/2681.jpg,tennis
./test/2682.jpg,table_tennis
./test/2683.jpg,formula1
./test/2684.jpg,baseball
./test/2685.jpg,wrestling
./test/2686.jpg,wwe
./test/2687.jpg,kabaddi
./test/2688.jpg,baseball
./test/2689.jpg,ice_hockey
./test/2690.jpg,tennis
./test/2691.jpg,hockey
./test/2692.jpg,boxing
./test/2693.jpg,table_tennis
./test/2694.jpg,table_tennis
./test/2695.jpg,badminton
./test/2696.jpg,baseball
./test/2697.jpg,baseball
./test/2698.jpg,wrestling
./test/2699.jpg,wrestling
./test/2700.jpg,swimming
./test/2701.jpg,shooting
./test/2702.jpg,swimming
./test/2703.jpg,wrestling
./test/2704.jpg,ice_hockey
./test/2705.jpg,motogp
./test/2706.jpg,baseball
./test/2707.jpg,badminton
./test/2708.jpg,ice_hockey
./test/2709.jpg,table_tennis
./test/2710.jpg,wwe
./test/2711.jpg,badminton
./test/2712.jpg,tennis
./test/2713.jpg,wwe
./test/2714.jpg,table_tennis
./test/2715.jpg,shooting
./test/2716.jpg,gymnastics
./test/2717.jpg,shooting
./test/2718.jpg,gymnastics
./test/2719.jpg,football
./test/2720.jpg,weight_lifting
./test/2721.jpg,boxing
./test/2722.jpg,wwe
./test/2723.jpg,tennis
./test/2724.jpg,volleyball
./test/2725.jpg,formula1
./test/2726.jpg,swimming
./test/2727.jpg,fencing
./test/2728.jpg,motogp
./test/2729.jpg,gymnastics
./test/2730.jpg,baseball
./test/2731.jpg,formula1
./test/2732.jpg,table_tennis
./test/2733.jpg,fencing
./test/2734.jpg,volleyball
./test/2735.jpg,boxing
./test/2736.jpg,kabaddi
./test/2737.jpg,chess
./test/2738.jpg,cricket
./test/2739.jpg,cricket
./test/2740.jpg,motogp
./test/2741.jpg,hockey
./test/2742.jpg,shooting
./test/2743.jpg,tennis
./test/2744.jpg,formula1
./test/2745.jpg,kabaddi
./test/2746.jpg,fencing
./test/2747.jpg,football
./test/2748.jpg,fencing
./test/2749.jpg,weight_lifting
./test/2750.jpg,cricket
./test/2751.jpg,chess
./test/2752.jpg,volleyball
./test/2753.jpg,wwe
./test/2754.jpg,baseball
./test/2755.jpg,motogp
./test/2756.jpg,boxing
./test/2757.jpg,motogp
./test/2758.jpg,tennis
./test/2759.jpg,badminton
